[
{
    "model": "sessions.session",
    "pk": "3nr499rp6emoh69otvgiubj0ktrp3jj8",
    "fields": {
        "session_data": ".eJxVjTkOwjAQRe_iGluJd1PSc4ZoxjNDWJRIWSrE3UmkFFD_995_qw7Wpe_WmafuTuqsYqk5ZIiaAjjthbIGyFkLYLJQInKJ6vSrIdQnD7tLDxhuo6njsEx3NDtijnU215H4dTnYv0APc7_ZXgDaJtL27i26QDYIV3IWWyfiGk6FqxSXgoOAlIovmEMjOTKmNon6fAFTuEH9:1pc8xT:3dMzoN1w9U1-H1bjNReGrTfiTZQDeSEiJKyu3Ou-PYs",
        "expire_date": "2023-03-28T18:01:11.765Z"
    }
},
{
    "model": "sessions.session",
    "pk": "s76jsrfbpfis0ppysc5mzpqnx25nr4p3",
    "fields": {
        "session_data": ".eJxVjDsOwyAQBe9CHSNgWQMp0-cM1i4LcT6yJX-qKHePLblImtfMzHurjtal79a5TN1d1FlFkZwjuAYMQ-Mx-oZatw23NhXrczCoTr8ZU36WYW_lQcNt1HkclunOelf0QWd9HaW8Lof7d9DT3G-1r0TWtIKRvGNAcVhLFnBsoVYwJaSSa4KAQMgSkk8c0dTYFg42VPX5AsYCQRs:1pbQ5k:0QFoy93nV5HlhbJYG4LyW4g2qm8JerG9ose-goLpr1I",
        "expire_date": "2023-03-26T18:06:44.022Z"
    }
},
{
    "model": "sites.site",
    "fields": {
        "domain": "example.com",
        "name": "Work Tracker"
    }
},
{
    "model": "users.user",
    "fields": {
        "password": "argon2$argon2id$v=19$m=102400,t=2,p=8$ckJpM2xzSXlGem5UNFBDazVSSFk1bw$GYSHWGixrRH53P84NxSu2H8d/3mj9bzIpYJB2DWWMbQ",
        "last_login": null,
        "is_superuser": false,
        "created_at": "2023-03-10T12:14:02.614Z",
        "modified_at": "2023-03-14T17:58:37.955Z",
        "email": "aragorn@test.com",
        "is_staff": false,
        "is_active": true,
        "name": "Aragorn Dunedain",
        "first_name": "Aragorn",
        "last_name": "Dunedain",
        "deactivated_at": null,
        "rate": "25.00",
        "groups": [],
        "user_permissions": []
    }
},
{
    "model": "users.user",
    "fields": {
        "password": "argon2$argon2id$v=19$m=102400,t=2,p=8$eWNnRXVTejlKT0xuWE90aVY1TWJKVA$fcBsf8F1TjQ6wjYaHjcfvhZv3WcUwePSCjB1tjknzhQ",
        "last_login": null,
        "is_superuser": false,
        "created_at": "2023-03-10T12:14:02.615Z",
        "modified_at": "2023-03-14T17:59:54.409Z",
        "email": "gimli@test.com",
        "is_staff": false,
        "is_active": true,
        "name": "Gimli Gloinson",
        "first_name": "Gimli",
        "last_name": "Gloinson",
        "deactivated_at": null,
        "rate": "20.00",
        "groups": [],
        "user_permissions": []
    }
},
{
    "model": "users.user",
    "fields": {
        "password": "argon2$argon2id$v=19$m=102400,t=2,p=8$ZU5wUWc2cldTY200M0FjNTZqem1Qaw$n0SZZuPXt9iPgM9T6H0dP7cYWghhJRxPIAY9g0HCmn8",
        "last_login": null,
        "is_superuser": false,
        "created_at": "2023-03-10T12:14:02.616Z",
        "modified_at": "2023-03-14T18:00:13.413Z",
        "email": "legolas@test.com",
        "is_staff": false,
        "is_active": true,
        "name": "Legolas Greenleaf",
        "first_name": "Legolas",
        "last_name": "Greenleaf",
        "deactivated_at": null,
        "rate": "20.00",
        "groups": [],
        "user_permissions": []
    }
},
{
    "model": "users.user",
    "fields": {
        "password": "argon2$argon2id$v=19$m=102400,t=2,p=8$Mm5MYmRLdW5jWG9BNmE4alZxUjlieg$jJ1+SHcViGEX0vp861K4rmcskUjMSSfC9PRDa3xCFrs",
        "last_login": null,
        "is_superuser": false,
        "created_at": "2023-03-10T12:14:02.613Z",
        "modified_at": "2023-03-14T18:00:42.305Z",
        "email": "sam@test.com",
        "is_staff": false,
        "is_active": true,
        "name": "Samwise Gamgee",
        "first_name": "Samwise",
        "last_name": "Gamgee",
        "deactivated_at": null,
        "rate": "15.00",
        "groups": [],
        "user_permissions": []
    }
},
{
    "model": "users.user",
    "fields": {
        "password": "argon2$argon2id$v=19$m=102400,t=2,p=8$ak0yNUlrQjJMUU5DaVJkTjV0cjJhRQ$ElG6mc/aR9i1vJ8ruW1xW0A2RmiqjgRDvizV+n+Xbw0",
        "last_login": null,
        "is_superuser": false,
        "created_at": "2023-03-10T12:14:02.611Z",
        "modified_at": "2023-03-14T17:59:13.962Z",
        "email": "denethortheadmin@test.com",
        "is_staff": true,
        "is_active": true,
        "name": "Denethor Steward",
        "first_name": "Denethor",
        "last_name": "Steward",
        "deactivated_at": null,
        "rate": null,
        "groups": [],
        "user_permissions": []
    }
},
{
    "model": "users.user",
    "fields": {
        "password": "argon2$argon2id$v=19$m=102400,t=2,p=8$SkhabEhyT3pxVW5ua1dINXNlNlA5ZQ$dwY/xaVbcxr9C3n/akCTobXAJrdnVHaBVAJPMkiplTM",
        "last_login": null,
        "is_superuser": false,
        "created_at": "2023-03-10T12:14:02.619Z",
        "modified_at": "2023-03-14T18:01:03.533Z",
        "email": "sauron@test.com",
        "is_staff": false,
        "is_active": true,
        "name": "Sauron Maiar",
        "first_name": "Sauron",
        "last_name": "Maiar",
        "deactivated_at": null,
        "rate": "30.00",
        "groups": [],
        "user_permissions": []
    }
},
{
    "model": "users.user",
    "fields": {
        "password": "argon2$argon2id$v=19$m=102400,t=2,p=8$SElXSThOQlpCVldKZkRwdEVCVHB2dA$+9ThwzGb1TvXRRy2lPP+xync5m43c5S97fnsa7AlkOE",
        "last_login": "2023-03-14T08:51:10.058Z",
        "is_superuser": true,
        "created_at": "2023-03-10T07:06:42.048Z",
        "modified_at": "2023-03-12T18:07:27.549Z",
        "email": "bakersoft@admin.com",
        "is_staff": true,
        "is_active": true,
        "name": "Baker Soft",
        "first_name": "Baker",
        "last_name": "Soft",
        "deactivated_at": null,
        "rate": null,
        "groups": [],
        "user_permissions": []
    }
},
{
    "model": "users.user",
    "fields": {
        "password": "argon2$argon2id$v=19$m=102400,t=2,p=8$bkt1bkVnZ1B3Y3piV010Z0xmSDZFZQ$/r8yNG/gg5PebGJIwPiXzBfaFP6c6ms/WgHNkulR4zI",
        "last_login": null,
        "is_superuser": false,
        "created_at": "2023-03-10T12:14:02.618Z",
        "modified_at": "2023-03-14T18:00:02.566Z",
        "email": "gollum@test.com",
        "is_staff": false,
        "is_active": true,
        "name": "Smeagol Ringbearer",
        "first_name": "Smeagol",
        "last_name": "Ringbearer",
        "deactivated_at": null,
        "rate": "10.00",
        "groups": [],
        "user_permissions": []
    }
},
{
    "model": "users.user",
    "fields": {
        "password": "argon2$argon2id$v=19$m=102400,t=2,p=8$NUpyTWFLbTNXbDZhWU5PRFRQZ0pwRg$aD+fTd1859QhvJGJIgfapY5dhxeV5t1b7AFI9tb+UE4",
        "last_login": null,
        "is_superuser": false,
        "created_at": "2023-03-10T12:14:02.617Z",
        "modified_at": "2023-03-14T18:01:11.759Z",
        "email": "witchking@test.com",
        "is_staff": false,
        "is_active": true,
        "name": "Witch King",
        "first_name": "Witch",
        "last_name": "King",
        "deactivated_at": null,
        "rate": "20.00",
        "groups": [],
        "user_permissions": []
    }
},
{
    "model": "users.user",
    "fields": {
        "password": "argon2$argon2id$v=19$m=102400,t=2,p=8$NWttYWhZcmN2bXZWVnlhaWZmMzV3Ug$kEGlM6k+cUikNlQCVfMpH83vygXjVvW2kbOEjKxPMhk",
        "last_login": null,
        "is_superuser": false,
        "created_at": "2023-03-10T12:14:02.612Z",
        "modified_at": "2023-03-14T17:59:34.791Z",
        "email": "frodo@test.com",
        "is_staff": false,
        "is_active": true,
        "name": "Frodo Baggins",
        "first_name": "Frodo",
        "last_name": "Baggins",
        "deactivated_at": null,
        "rate": "15.00",
        "groups": [],
        "user_permissions": []
    }
},
{
    "model": "users.user",
    "fields": {
        "password": "argon2$argon2id$v=19$m=102400,t=2,p=8$VElvVjF4MmpReEFPQm1TbFF6ZTA2Ug$rz+i+mt06DkOpVTjvbxy96k1+JDA33GyoN7z7mV4Jf4",
        "last_login": null,
        "is_superuser": false,
        "created_at": "2023-03-10T12:14:02.614Z",
        "modified_at": "2023-03-14T18:00:24.225Z",
        "email": "merry@test.com",
        "is_staff": false,
        "is_active": true,
        "name": "Meriadoc Brandybuck",
        "first_name": "Meriadoc",
        "last_name": "Brandybuck",
        "deactivated_at": null,
        "rate": "15.00",
        "groups": [],
        "user_permissions": []
    }
},
{
    "model": "users.user",
    "fields": {
        "password": "argon2$argon2id$v=19$m=102400,t=2,p=8$U2JoMzQ4UW1LM08yUmF4blRzOThiSw$B8IuAD33CVvas2/Y8hVpmWOhBaK8ve66TR5dXPDAJag",
        "last_login": null,
        "is_superuser": false,
        "created_at": "2023-03-10T12:14:02.615Z",
        "modified_at": "2023-03-14T17:59:24.742Z",
        "email": "eowyn@test.com",
        "is_staff": false,
        "is_active": true,
        "name": "Eowyn Steward",
        "first_name": "Eowyn",
        "last_name": "Steward",
        "deactivated_at": null,
        "rate": "20.00",
        "groups": [],
        "user_permissions": []
    }
},
{
    "model": "users.user",
    "fields": {
        "password": "argon2$argon2id$v=19$m=102400,t=2,p=8$UkM2b1M5MkM5b1Zac05NOHJzOVZuZg$aMfwTczCxkFMSE62l1viysm1cWSeeRT9I31z5vMaMeU",
        "last_login": null,
        "is_superuser": false,
        "created_at": "2023-03-10T12:14:02.614Z",
        "modified_at": "2023-03-14T18:00:32.723Z",
        "email": "pippin@test.com",
        "is_staff": false,
        "is_active": true,
        "name": "Peregrin Took",
        "first_name": "Peregrin",
        "last_name": "Took",
        "deactivated_at": null,
        "rate": "15.00",
        "groups": [],
        "user_permissions": []
    }
},
{
    "model": "users.user",
    "fields": {
        "password": "argon2$argon2id$v=19$m=102400,t=2,p=8$TXZMREhYdWNDNTB5bjQzSUdwS3NnMQ$3yj2U0KkmA9WqPS4AkCxkUkLZExd2DgwCZt/vGys0DM",
        "last_login": null,
        "is_superuser": false,
        "created_at": "2023-03-10T12:14:02.618Z",
        "modified_at": "2023-03-14T18:00:54.569Z",
        "email": "saruman@test.com",
        "is_staff": false,
        "is_active": true,
        "name": "Saruman White",
        "first_name": "Saruman",
        "last_name": "White",
        "deactivated_at": null,
        "rate": "25.00",
        "groups": [],
        "user_permissions": []
    }
},
{
    "model": "users.user",
    "fields": {
        "password": "argon2$argon2id$v=19$m=102400,t=2,p=8$bHpXN1V0b1p3a01VM2dBOHdHb0hXQQ$1tEJ2TMsn3q2ocazHHoyw8DdkGxnLLb3uPDs3a5CqA0",
        "last_login": null,
        "is_superuser": false,
        "created_at": "2023-03-10T12:14:02.607Z",
        "modified_at": "2023-03-14T17:59:44.394Z",
        "email": "gandalftheadmin@test.com",
        "is_staff": true,
        "is_active": true,
        "name": "Gandalf Stormcrow",
        "first_name": "Gandalf",
        "last_name": "Stormcrow",
        "deactivated_at": null,
        "rate": null,
        "groups": [],
        "user_permissions": []
    }
},
{
    "model": "tracker.company",
    "pk": "1e744f12-04a1-4538-8b6f-3e9d00a1920d",
    "fields": {
        "created_at": "2023-03-10T12:14:02.620Z",
        "modified_at": "2023-03-10T12:14:02.620Z",
        "name": "Gondor, Inc.",
        "description": "One Ring to rule them all. Place Bracegirdles bonds! Moved heal glass treachery caretaker gems dominion mark Aragorn. Barad-dur plates been."
    }
},
{
    "model": "tracker.company",
    "pk": "4d84eb3c-de5c-47b8-8abf-0c27239e4f43",
    "fields": {
        "created_at": "2023-03-10T12:14:02.621Z",
        "modified_at": "2023-03-10T12:14:02.621Z",
        "name": "Mordor, Inc.",
        "description": "Barad-dur plates been. Movement well denying ten insect Freda faces resolved? Angry Galadhrim haunted doorway hang clean sweeps nervous."
    }
},
{
    "model": "tracker.company",
    "pk": "a4e654bc-be61-4ee6-8a0e-c093163a81a8",
    "fields": {
        "created_at": "2023-03-10T12:14:02.621Z",
        "modified_at": "2023-03-10T12:14:02.621Z",
        "name": "Rohan, Inc.",
        "description": "Goats Helm Hammerhand back wandered tempted resisted? Wanted 300 never relevant use Eldar. Against split Greenwood guide angry blunt."
    }
},
{
    "model": "tracker.project",
    "pk": "00dc5494-a989-48ee-897f-f36cbd3c60e6",
    "fields": {
        "created_at": "2023-03-10T12:14:02.632Z",
        "modified_at": "2023-03-10T12:14:02.660Z",
        "company": "4d84eb3c-de5c-47b8-8abf-0c27239e4f43",
        "name": "Attack Helm's Deep",
        "description": "Goats Helm Hammerhand back wandered tempted resisted? Wanted 300 never relevant use Eldar. Against split Greenwood guide angry blunt.",
        "users": [
            [
                "gollum@test.com"
            ],
            [
                "saruman@test.com"
            ]
        ]
    }
},
{
    "model": "tracker.project",
    "pk": "1c8cf3e6-27ac-4064-b2f0-b00e93d36e51",
    "fields": {
        "created_at": "2023-03-10T12:14:02.626Z",
        "modified_at": "2023-03-10T12:14:02.644Z",
        "company": "1e744f12-04a1-4538-8b6f-3e9d00a1920d",
        "name": "Crown the New King",
        "description": "Barad-dur plates been. Movement well denying ten insect Freda faces resolved? Angry Galadhrim haunted doorway hang clean sweeps nervous.",
        "users": [
            [
                "frodo@test.com"
            ],
            [
                "sam@test.com"
            ]
        ]
    }
},
{
    "model": "tracker.project",
    "pk": "35692213-4241-4ab5-9eb7-23cfe8d15635",
    "fields": {
        "created_at": "2023-03-10T12:14:02.627Z",
        "modified_at": "2023-03-10T12:14:02.648Z",
        "company": "a4e654bc-be61-4ee6-8a0e-c093163a81a8",
        "name": "Defend Helm's Deep",
        "description": "Goats Helm Hammerhand back wandered tempted resisted? Wanted 300 never relevant use Eldar. Against split Greenwood guide angry blunt.",
        "users": [
            [
                "aragorn@test.com"
            ],
            [
                "legolas@test.com"
            ]
        ]
    }
},
{
    "model": "tracker.project",
    "pk": "5eaff4f0-f5a1-4034-9b00-0a1121e83c03",
    "fields": {
        "created_at": "2023-03-10T12:14:02.628Z",
        "modified_at": "2023-03-10T12:14:02.652Z",
        "company": "a4e654bc-be61-4ee6-8a0e-c093163a81a8",
        "name": "Travel to Helm's Deep",
        "description": "One Ring to rule them all. Place Bracegirdles bonds! Moved heal glass treachery caretaker gems dominion mark Aragorn. Barad-dur plates been.",
        "users": [
            [
                "eowyn@test.com"
            ],
            [
                "gimli@test.com"
            ]
        ]
    }
},
{
    "model": "tracker.project",
    "pk": "7669f06d-f82e-4058-95ab-1c88148f23ea",
    "fields": {
        "created_at": "2023-03-10T12:14:02.623Z",
        "modified_at": "2023-03-10T12:14:02.640Z",
        "company": "1e744f12-04a1-4538-8b6f-3e9d00a1920d",
        "name": "Defend Minas Tirith",
        "description": "One Ring to rule them all. Place Bracegirdles bonds! Moved heal glass treachery caretaker gems dominion mark Aragorn. Barad-dur plates been.",
        "users": [
            [
                "merry@test.com"
            ],
            [
                "pippin@test.com"
            ]
        ]
    }
},
{
    "model": "tracker.project",
    "pk": "be8957d7-1837-4f7f-887e-28997f2a7100",
    "fields": {
        "created_at": "2023-03-10T12:14:02.630Z",
        "modified_at": "2023-03-10T12:14:02.656Z",
        "company": "4d84eb3c-de5c-47b8-8abf-0c27239e4f43",
        "name": "Attack Minas Tirith",
        "description": "Barad-dur plates been. Movement well denying ten insect Freda faces resolved? Angry Galadhrim haunted doorway hang clean sweeps nervous.",
        "users": [
            [
                "sauron@test.com"
            ],
            [
                "witchking@test.com"
            ]
        ]
    }
},
{
    "model": "tracker.task",
    "pk": "0c845703-c82d-4e8e-bce6-ff73db441b6f",
    "fields": {
        "created_at": "2023-03-10T12:14:02.678Z",
        "modified_at": "2023-03-10T12:14:02.678Z",
        "user": [
            "legolas@test.com"
        ],
        "project": "35692213-4241-4ab5-9eb7-23cfe8d15635",
        "name": "Wait for Gandalf",
        "code": "Gandalf | Heml Deep",
        "description": "One Ring to rule them all. Place Bracegirdles bonds! Moved heal glass treachery caretaker gems dominion mark Aragorn. Barad-dur plates been.",
        "type": 1,
        "status": 1
    }
},
{
    "model": "tracker.task",
    "pk": "2eaa0df9-22cd-48b3-a6d6-b5f6637b0532",
    "fields": {
        "created_at": "2023-03-10T12:14:02.691Z",
        "modified_at": "2023-03-10T12:14:02.691Z",
        "user": [
            "sauron@test.com"
        ],
        "project": "be8957d7-1837-4f7f-887e-28997f2a7100",
        "name": "Let Nazgûl do their thing",
        "code": "Nazgûl | Minas Tirith Destroy",
        "description": "Barad-dur plates been. Movement well denying ten insect Freda faces resolved? Angry Galadhrim haunted doorway hang clean sweeps nervous.",
        "type": 7,
        "status": 1
    }
},
{
    "model": "tracker.task",
    "pk": "333dd5af-a5cb-442a-8344-cc3a75198d26",
    "fields": {
        "created_at": "2023-03-10T12:14:02.675Z",
        "modified_at": "2023-03-10T12:14:02.675Z",
        "user": [
            "aragorn@test.com"
        ],
        "project": "35692213-4241-4ab5-9eb7-23cfe8d15635",
        "name": "Accept help from elves",
        "code": "Elves | Helm Deep",
        "description": "Goats Helm Hammerhand back wandered tempted resisted? Wanted 300 never relevant use Eldar. Against split Greenwood guide angry blunt.",
        "type": 1,
        "status": 2
    }
},
{
    "model": "tracker.task",
    "pk": "3804ce19-10d7-4fc2-abef-ce0af68dcdf9",
    "fields": {
        "created_at": "2023-03-10T12:14:02.666Z",
        "modified_at": "2023-03-10T12:14:02.666Z",
        "user": [
            "merry@test.com"
        ],
        "project": "7669f06d-f82e-4058-95ab-1c88148f23ea",
        "name": "Battle in Pelennor Field",
        "code": "Pelennor | Minas Tirith",
        "description": "Goats Helm Hammerhand back wandered tempted resisted? Wanted 300 never relevant use Eldar. Against split Greenwood guide angry blunt.",
        "type": 1,
        "status": 3
    }
},
{
    "model": "tracker.task",
    "pk": "3e6a146b-23a1-4b3c-aa8b-012e7ef01cf4",
    "fields": {
        "created_at": "2023-03-10T12:14:02.672Z",
        "modified_at": "2023-03-10T12:14:02.672Z",
        "user": [
            "sam@test.com"
        ],
        "project": "1c8cf3e6-27ac-4064-b2f0-b00e93d36e51",
        "name": "Set up the decorations",
        "code": "Deco | New King",
        "description": "Barad-dur plates been. Movement well denying ten insect Freda faces resolved? Angry Galadhrim haunted doorway hang clean sweeps nervous.",
        "type": 5,
        "status": 2
    }
},
{
    "model": "tracker.task",
    "pk": "68f021fb-b549-4649-9faf-f48a370db91c",
    "fields": {
        "created_at": "2023-03-10T12:14:02.696Z",
        "modified_at": "2023-03-10T12:14:02.696Z",
        "user": [
            "gollum@test.com"
        ],
        "project": "00dc5494-a989-48ee-897f-f36cbd3c60e6",
        "name": "Let Uruk-hai do their thing",
        "code": "Uruk | Helm Deep Destroy",
        "description": "One Ring to rule them all. Place Bracegirdles bonds! Moved heal glass treachery caretaker gems dominion mark Aragorn. Barad-dur plates been.",
        "type": 6,
        "status": 4
    }
},
{
    "model": "tracker.task",
    "pk": "6bb4a3a3-b994-4872-905c-1a215854498f",
    "fields": {
        "created_at": "2023-03-10T12:14:02.684Z",
        "modified_at": "2023-03-10T12:14:02.684Z",
        "user": [
            "eowyn@test.com"
        ],
        "project": "5eaff4f0-f5a1-4034-9b00-0a1121e83c03",
        "name": "Survive hike",
        "code": "Survive | Helm Deep Travel",
        "description": "Goats Helm Hammerhand back wandered tempted resisted? Wanted 300 never relevant use Eldar. Against split Greenwood guide angry blunt.",
        "type": 4,
        "status": 1
    }
},
{
    "model": "tracker.task",
    "pk": "6ca0d864-5412-473e-af41-11d224eeb4c4",
    "fields": {
        "created_at": "2023-03-10T12:14:02.688Z",
        "modified_at": "2023-03-10T12:14:02.688Z",
        "user": [
            "witchking@test.com"
        ],
        "project": "be8957d7-1837-4f7f-887e-28997f2a7100",
        "name": "Rally the armies",
        "code": "Armies | Minas Tirith Destroy",
        "description": "One Ring to rule them all. Place Bracegirdles bonds! Moved heal glass treachery caretaker gems dominion mark Aragorn. Barad-dur plates been.",
        "type": 6,
        "status": 4
    }
},
{
    "model": "tracker.task",
    "pk": "a0362b62-0772-4f5e-a8c5-b5b5e57622f8",
    "fields": {
        "created_at": "2023-03-10T12:14:02.669Z",
        "modified_at": "2023-03-10T12:14:02.669Z",
        "user": [
            "frodo@test.com"
        ],
        "project": "1c8cf3e6-27ac-4064-b2f0-b00e93d36e51",
        "name": "Polish the Crown",
        "code": "Crown | New King",
        "description": "One Ring to rule them all. Place Bracegirdles bonds! Moved heal glass treachery caretaker gems dominion mark Aragorn. Barad-dur plates been.",
        "type": 1,
        "status": 5
    }
},
{
    "model": "tracker.task",
    "pk": "a8ec50ff-bfe0-4749-802d-063e2db67aa4",
    "fields": {
        "created_at": "2023-03-10T12:14:02.681Z",
        "modified_at": "2023-03-10T12:14:02.681Z",
        "user": [
            "gimli@test.com"
        ],
        "project": "5eaff4f0-f5a1-4034-9b00-0a1121e83c03",
        "name": "Survive warg attack",
        "code": "Warg | Helm Deep Travel",
        "description": "Barad-dur plates been. Movement well denying ten insect Freda faces resolved? Angry Galadhrim haunted doorway hang clean sweeps nervous.",
        "type": 3,
        "status": 3
    }
},
{
    "model": "tracker.task",
    "pk": "aad631f3-9fbe-46a9-ba29-91258226abbf",
    "fields": {
        "created_at": "2023-03-10T12:14:02.662Z",
        "modified_at": "2023-03-10T12:14:02.662Z",
        "user": [
            "pippin@test.com"
        ],
        "project": "7669f06d-f82e-4058-95ab-1c88148f23ea",
        "name": "Summon Rohan",
        "code": "Rohan | Minas Tirith",
        "description": "Barad-dur plates been. Movement well denying ten insect Freda faces resolved? Angry Galadhrim haunted doorway hang clean sweeps nervous.",
        "type": 1,
        "status": 1
    }
},
{
    "model": "tracker.task",
    "pk": "da509609-ec89-44c8-96ba-9ca3b603028a",
    "fields": {
        "created_at": "2023-03-10T12:14:02.694Z",
        "modified_at": "2023-03-10T12:14:02.694Z",
        "user": [
            "saruman@test.com"
        ],
        "project": "00dc5494-a989-48ee-897f-f36cbd3c60e6",
        "name": "Rally the armies",
        "code": "Armies | Helm Deep Destroy",
        "description": "Goats Helm Hammerhand back wandered tempted resisted? Wanted 300 never relevant use Eldar. Against split Greenwood guide angry blunt.",
        "type": 2,
        "status": 2
    }
},
{
    "model": "tracker.entry",
    "pk": "1da148b3-73b1-4f18-959f-a3d2763eff8b",
    "fields": {
        "created_at": "2023-03-10T12:14:02.691Z",
        "modified_at": "2023-03-10T12:14:02.691Z",
        "task": "2eaa0df9-22cd-48b3-a6d6-b5f6637b0532",
        "comment": "",
        "start_time": "2023-03-10T07:48:01.487Z",
        "pause_time": null,
        "end_time": "2023-03-10T12:14:01.488Z",
        "status": 3,
        "total_time": 15960,
        "hours": "4.433333",
        "bill": "133.00"
    }
},
{
    "model": "tracker.entry",
    "pk": "22da64bd-1839-4b97-9088-87ad65baab28",
    "fields": {
        "created_at": "2023-03-10T12:14:02.685Z",
        "modified_at": "2023-03-10T13:29:17.209Z",
        "task": "6bb4a3a3-b994-4872-905c-1a215854498f",
        "comment": "",
        "start_time": "2023-03-10T02:11:01.488Z",
        "pause_time": "2023-03-10T12:14:01.488Z",
        "end_time": "2023-03-10T12:14:01.488Z",
        "status": 2,
        "total_time": 36180,
        "hours": "10.050000",
        "bill": "201.00"
    }
},
{
    "model": "tracker.entry",
    "pk": "2bf532ba-c6db-4a14-a04a-a40aa3c6302f",
    "fields": {
        "created_at": "2023-03-10T12:14:02.670Z",
        "modified_at": "2023-03-10T13:29:17.204Z",
        "task": "a0362b62-0772-4f5e-a8c5-b5b5e57622f8",
        "comment": "",
        "start_time": "2023-03-10T02:11:01.488Z",
        "pause_time": "2023-03-10T12:14:01.488Z",
        "end_time": "2023-03-10T12:14:01.488Z",
        "status": 2,
        "total_time": 36180,
        "hours": "10.050000",
        "bill": "150.75"
    }
},
{
    "model": "tracker.entry",
    "pk": "2d39aca6-cd23-44f5-ac2e-e94aed2cc44f",
    "fields": {
        "created_at": "2023-03-10T12:14:02.695Z",
        "modified_at": "2023-03-10T13:29:17.211Z",
        "task": "da509609-ec89-44c8-96ba-9ca3b603028a",
        "comment": "",
        "start_time": "2023-03-10T02:11:01.488Z",
        "pause_time": "2023-03-10T12:14:01.488Z",
        "end_time": "2023-03-10T12:14:01.488Z",
        "status": 2,
        "total_time": 36180,
        "hours": "10.050000",
        "bill": "251.25"
    }
},
{
    "model": "tracker.entry",
    "pk": "3eadd46c-c3b8-4b5d-92da-b9373711b6ed",
    "fields": {
        "created_at": "2023-03-10T12:14:02.694Z",
        "modified_at": "2023-03-10T12:14:02.694Z",
        "task": "da509609-ec89-44c8-96ba-9ca3b603028a",
        "comment": "",
        "start_time": "2023-03-10T07:48:01.487Z",
        "pause_time": null,
        "end_time": "2023-03-10T12:14:01.488Z",
        "status": 3,
        "total_time": 15960,
        "hours": "4.433333",
        "bill": "110.83"
    }
},
{
    "model": "tracker.entry",
    "pk": "5a771d15-50a3-420b-be10-decab799ffec",
    "fields": {
        "created_at": "2023-03-10T12:14:02.673Z",
        "modified_at": "2023-03-10T12:14:02.673Z",
        "task": "3e6a146b-23a1-4b3c-aa8b-012e7ef01cf4",
        "comment": "",
        "start_time": "2023-03-10T07:48:01.487Z",
        "pause_time": null,
        "end_time": "2023-03-10T12:14:01.488Z",
        "status": 3,
        "total_time": 15960,
        "hours": "4.433333",
        "bill": "66.50"
    }
},
{
    "model": "tracker.entry",
    "pk": "610c515a-93c2-41c3-b338-266452ad951a",
    "fields": {
        "created_at": "2023-03-10T12:14:02.679Z",
        "modified_at": "2023-03-10T12:14:02.679Z",
        "task": "0c845703-c82d-4e8e-bce6-ff73db441b6f",
        "comment": "",
        "start_time": "2023-03-10T07:48:01.487Z",
        "pause_time": null,
        "end_time": "2023-03-10T12:14:01.488Z",
        "status": 3,
        "total_time": 15960,
        "hours": "4.433333",
        "bill": "88.67"
    }
},
{
    "model": "tracker.entry",
    "pk": "64dd58e3-82ee-44af-930a-c3089de6cd83",
    "fields": {
        "created_at": "2023-03-10T12:14:02.669Z",
        "modified_at": "2023-03-10T12:14:02.669Z",
        "task": "a0362b62-0772-4f5e-a8c5-b5b5e57622f8",
        "comment": "",
        "start_time": "2023-03-10T07:48:01.487Z",
        "pause_time": null,
        "end_time": "2023-03-10T12:14:01.488Z",
        "status": 3,
        "total_time": 15960,
        "hours": "4.433333",
        "bill": "66.50"
    }
},
{
    "model": "tracker.entry",
    "pk": "67eecb94-6347-490a-acfc-c98f0b876e70",
    "fields": {
        "created_at": "2023-03-10T12:14:02.697Z",
        "modified_at": "2023-03-10T13:29:17.213Z",
        "task": "68f021fb-b549-4649-9faf-f48a370db91c",
        "comment": "",
        "start_time": "2023-03-10T02:11:01.488Z",
        "pause_time": "2023-03-10T12:14:01.488Z",
        "end_time": "2023-03-10T12:14:01.488Z",
        "status": 2,
        "total_time": 36180,
        "hours": "10.050000",
        "bill": "100.50"
    }
},
{
    "model": "tracker.entry",
    "pk": "74a249de-f2f2-48a1-863c-9b665a5487f5",
    "fields": {
        "created_at": "2023-03-10T12:14:02.667Z",
        "modified_at": "2023-03-10T13:29:17.202Z",
        "task": "3804ce19-10d7-4fc2-abef-ce0af68dcdf9",
        "comment": "",
        "start_time": "2023-03-10T02:11:01.488Z",
        "pause_time": "2023-03-10T12:14:01.488Z",
        "end_time": "2023-03-10T12:14:01.488Z",
        "status": 2,
        "total_time": 36180,
        "hours": "10.050000",
        "bill": "150.75"
    }
},
{
    "model": "tracker.entry",
    "pk": "755649bc-4269-4bfe-bbd2-7c08f690a702",
    "fields": {
        "created_at": "2023-03-10T12:14:02.697Z",
        "modified_at": "2023-03-10T12:14:02.697Z",
        "task": "68f021fb-b549-4649-9faf-f48a370db91c",
        "comment": "",
        "start_time": "2023-03-10T07:48:01.487Z",
        "pause_time": null,
        "end_time": "2023-03-10T12:14:01.488Z",
        "status": 3,
        "total_time": 15960,
        "hours": "4.433333",
        "bill": "44.33"
    }
},
{
    "model": "tracker.entry",
    "pk": "798cd44c-31b2-4707-b07a-f5ed10c8093f",
    "fields": {
        "created_at": "2023-03-10T12:14:02.663Z",
        "modified_at": "2023-03-10T12:14:02.663Z",
        "task": "aad631f3-9fbe-46a9-ba29-91258226abbf",
        "comment": "",
        "start_time": "2023-03-10T07:48:01.487Z",
        "pause_time": null,
        "end_time": "2023-03-10T12:14:01.488Z",
        "status": 3,
        "total_time": 15960,
        "hours": "4.433333",
        "bill": "66.50"
    }
},
{
    "model": "tracker.entry",
    "pk": "8bf0e8d1-dc1c-4e88-8e75-862a1637bf56",
    "fields": {
        "created_at": "2023-03-10T12:14:02.689Z",
        "modified_at": "2023-03-10T13:29:17.210Z",
        "task": "6ca0d864-5412-473e-af41-11d224eeb4c4",
        "comment": "",
        "start_time": "2023-03-10T02:11:01.488Z",
        "pause_time": "2023-03-10T12:14:01.488Z",
        "end_time": "2023-03-10T12:14:01.488Z",
        "status": 2,
        "total_time": 36180,
        "hours": "10.050000",
        "bill": "201.00"
    }
},
{
    "model": "tracker.entry",
    "pk": "99e7deba-8f66-46eb-be09-3150a4b5cffb",
    "fields": {
        "created_at": "2023-03-10T12:14:02.685Z",
        "modified_at": "2023-03-10T12:14:02.685Z",
        "task": "6bb4a3a3-b994-4872-905c-1a215854498f",
        "comment": "",
        "start_time": "2023-03-10T07:48:01.487Z",
        "pause_time": null,
        "end_time": "2023-03-10T12:14:01.488Z",
        "status": 3,
        "total_time": 15960,
        "hours": "4.433333",
        "bill": "88.67"
    }
},
{
    "model": "tracker.entry",
    "pk": "b63279c4-fa01-4057-97ee-99c4a8e8bbf5",
    "fields": {
        "created_at": "2023-03-10T12:14:02.680Z",
        "modified_at": "2023-03-10T13:29:17.207Z",
        "task": "0c845703-c82d-4e8e-bce6-ff73db441b6f",
        "comment": "",
        "start_time": "2023-03-10T02:11:01.488Z",
        "pause_time": "2023-03-10T12:14:01.488Z",
        "end_time": "2023-03-10T12:14:01.488Z",
        "status": 2,
        "total_time": 36180,
        "hours": "10.050000",
        "bill": "201.00"
    }
},
{
    "model": "tracker.entry",
    "pk": "ba058a57-5686-4e78-8d26-c68d6e0a81c9",
    "fields": {
        "created_at": "2023-03-10T12:14:02.682Z",
        "modified_at": "2023-03-10T12:14:02.682Z",
        "task": "a8ec50ff-bfe0-4749-802d-063e2db67aa4",
        "comment": "",
        "start_time": "2023-03-10T07:48:01.487Z",
        "pause_time": null,
        "end_time": "2023-03-10T12:14:01.488Z",
        "status": 3,
        "total_time": 15960,
        "hours": "4.433333",
        "bill": "88.67"
    }
},
{
    "model": "tracker.entry",
    "pk": "cadfd047-301a-40c1-8ce1-ce2bf8e68003",
    "fields": {
        "created_at": "2023-03-10T12:14:02.664Z",
        "modified_at": "2023-03-10T13:29:17.198Z",
        "task": "aad631f3-9fbe-46a9-ba29-91258226abbf",
        "comment": "",
        "start_time": "2023-03-10T02:11:01.488Z",
        "pause_time": "2023-03-10T12:14:01.488Z",
        "end_time": "2023-03-10T12:14:01.488Z",
        "status": 2,
        "total_time": 36180,
        "hours": "10.050000",
        "bill": "150.75"
    }
},
{
    "model": "tracker.entry",
    "pk": "d3134d48-e395-4859-9f8a-5f491ae34eff",
    "fields": {
        "created_at": "2023-03-10T12:14:02.677Z",
        "modified_at": "2023-03-10T13:29:17.206Z",
        "task": "333dd5af-a5cb-442a-8344-cc3a75198d26",
        "comment": "",
        "start_time": "2023-03-10T02:11:01.488Z",
        "pause_time": "2023-03-10T12:14:01.488Z",
        "end_time": "2023-03-10T12:14:01.488Z",
        "status": 2,
        "total_time": 36180,
        "hours": "10.050000",
        "bill": "251.25"
    }
},
{
    "model": "tracker.entry",
    "pk": "ddea8653-22be-401a-a524-79b3c151c5dc",
    "fields": {
        "created_at": "2023-03-10T12:14:02.692Z",
        "modified_at": "2023-03-10T13:29:17.210Z",
        "task": "2eaa0df9-22cd-48b3-a6d6-b5f6637b0532",
        "comment": "",
        "start_time": "2023-03-10T02:11:01.488Z",
        "pause_time": "2023-03-10T12:14:01.488Z",
        "end_time": "2023-03-10T12:14:01.488Z",
        "status": 2,
        "total_time": 36180,
        "hours": "10.050000",
        "bill": "301.50"
    }
},
{
    "model": "tracker.entry",
    "pk": "e341f8be-d808-41ff-8eb3-e7b7194b31cd",
    "fields": {
        "created_at": "2023-03-10T12:14:02.673Z",
        "modified_at": "2023-03-10T13:29:17.205Z",
        "task": "3e6a146b-23a1-4b3c-aa8b-012e7ef01cf4",
        "comment": "",
        "start_time": "2023-03-10T02:11:01.488Z",
        "pause_time": "2023-03-10T12:14:01.488Z",
        "end_time": "2023-03-10T12:14:01.488Z",
        "status": 2,
        "total_time": 36180,
        "hours": "10.050000",
        "bill": "150.75"
    }
},
{
    "model": "tracker.entry",
    "pk": "e8792de4-1c03-403e-a35e-537ea7143180",
    "fields": {
        "created_at": "2023-03-10T12:14:02.666Z",
        "modified_at": "2023-03-10T12:14:02.666Z",
        "task": "3804ce19-10d7-4fc2-abef-ce0af68dcdf9",
        "comment": "",
        "start_time": "2023-03-10T07:48:01.487Z",
        "pause_time": null,
        "end_time": "2023-03-10T12:14:01.488Z",
        "status": 3,
        "total_time": 15960,
        "hours": "4.433333",
        "bill": "66.50"
    }
},
{
    "model": "tracker.entry",
    "pk": "ee31f575-d74a-418c-addf-d434ea847f04",
    "fields": {
        "created_at": "2023-03-10T12:14:02.688Z",
        "modified_at": "2023-03-10T12:14:02.688Z",
        "task": "6ca0d864-5412-473e-af41-11d224eeb4c4",
        "comment": "",
        "start_time": "2023-03-10T07:48:01.487Z",
        "pause_time": null,
        "end_time": "2023-03-10T12:14:01.488Z",
        "status": 3,
        "total_time": 15960,
        "hours": "4.433333",
        "bill": "88.67"
    }
},
{
    "model": "tracker.entry",
    "pk": "f3751938-7dd6-42ac-b380-d665f630eee7",
    "fields": {
        "created_at": "2023-03-10T12:14:02.682Z",
        "modified_at": "2023-03-10T13:29:17.208Z",
        "task": "a8ec50ff-bfe0-4749-802d-063e2db67aa4",
        "comment": "",
        "start_time": "2023-03-10T02:11:01.488Z",
        "pause_time": "2023-03-10T12:14:01.488Z",
        "end_time": "2023-03-10T12:14:01.488Z",
        "status": 2,
        "total_time": 36180,
        "hours": "10.050000",
        "bill": "201.00"
    }
},
{
    "model": "tracker.entry",
    "pk": "f3a22767-11ab-4a6d-ba18-3ebe18f14072",
    "fields": {
        "created_at": "2023-03-10T12:14:02.676Z",
        "modified_at": "2023-03-10T12:14:02.676Z",
        "task": "333dd5af-a5cb-442a-8344-cc3a75198d26",
        "comment": "",
        "start_time": "2023-03-10T07:48:01.487Z",
        "pause_time": null,
        "end_time": "2023-03-10T12:14:01.488Z",
        "status": 3,
        "total_time": 15960,
        "hours": "4.433333",
        "bill": "110.83"
    }
}
]
